,Opcode,Freq
0,const/4,16504890
1,invoke-direct,16315379
2,return-void,11615247
3,iput-boolean,1491024
4,iput,2786357
5,const,1087436
6,sget-object,5398119
7,invoke-static,16930329
8,move-result-object,32017603
9,sget,924349
10,invoke-virtual,45838377
11,move-result,14747940
12,if-ltz,299764
13,if-nez,5129815
14,iget-object,24804118
15,const/high16,681395
16,iget,5073919
17,if-eq,893980
18,and-int/2addr,93041
19,or-int/2addr,124451
20,and-int/lit8,257209
21,or-int/lit8,59531
22,move,3699129
23,goto,11097197
24,if-ne,1542071
25,iput-object,7464204
26,if-eqz,10474933
27,if-ge,1232291
28,const/16,4721619
29,move-object,2919144
30,check-cast,4393606
31,invoke-virtual/range,967222
32,add-int/lit8,2367957
33,add-int/2addr,842575
34,sub-int/2addr,320485
35,return,3288454
36,move-object/from16,4026275
37,invoke-static/range,339552
38,new-array,1542794
39,aput,509372
40,iget-boolean,1607592
41,move/from16,1469833
42,add-float,66282
43,cmpl-float,177286
44,if-lez,631165
45,if-gez,244948
46,shr-int/lit8,85802
47,aget,483231
48,sub-int,358374
49,goto/16,1676965
50,invoke-direct/range,587218
51,add-int,282541
52,and-int,28309
53,int-to-float,566976
54,mul-float/2addr,278224
55,div-float/2addr,102658
56,float-to-int,224535
57,sub-float,108348
58,or-int,23224
59,shl-int/lit8,129540
60,new-instance,10152090
61,return-object,6548095
62,invoke-super,909401
63,if-gt,173421
64,const-string,13152663
65,throw,2643198
66,sparse-switch,159200
67,div-int/lit8,134534
68,sparse-switch-payload,159137
69,if-lt,510561
70,const-class,633618
71,mul-int,32502
72,nop,228187
73,and-int/lit16,163965
74,invoke-super/range,15653
75,sput-boolean,108480
76,aput-object,2622674
77,sput-object,1932628
78,move-exception,2917708
79,invoke-interface,8050324
80,const-wide/16,675416
81,iput-wide,448721
82,move-result-wide,1196722
83,iget-wide,716559
84,return-wide,231977
85,int-to-long,241584
86,add-float/2addr,164080
87,cmpg-float,71927
88,neg-float,33241
89,div-float,81048
90,if-gtz,140485
91,if-le,300608
92,aget-object,778450
93,neg-int,66078
94,instance-of,649873
95,packed-switch,299319
96,mul-int/2addr,50186
97,packed-switch-payload,299261
98,move-wide,126372
99,sget-boolean,259242
100,int-to-byte,107963
101,mul-int/lit8,229145
102,array-length,918115
103,invoke-interface/range,118145
104,monitor-enter,520112
105,monitor-exit,1142849
106,sub-long/2addr,74134
107,long-to-float,15764
108,add-long/2addr,103283
109,cmp-long,417262
110,or-int/lit16,30088
111,rsub-int,6849
112,div-int/lit16,9426
113,mul-int/lit16,17628
114,div-int/2addr,13738
115,xor-int/lit8,26615
116,sput,107109
117,xor-int/2addr,64266
118,ushr-int/lit8,54944
119,aget-wide,48829
120,shl-int,16473
121,aget-char,85817
122,aput-wide,27889
123,sub-float/2addr,90463
124,mul-float,69253
125,float-to-double,74898
126,const-wide,112388
127,mul-double/2addr,58951
128,double-to-float,33920
129,rsub-int/lit8,14574
130,fill-array-data,63564
131,fill-array-data-payload,63513
132,sub-long,68999
133,long-to-int,103456
134,const-wide/high16,84455
135,shl-int/2addr,9741
136,aget-boolean,11517
137,aput-boolean,9588
138,iput-char,15651
139,iget-char,26855
140,xor-int,6198
141,div-int,14730
142,rem-int/2addr,8646
143,rem-int,7530
144,or-long/2addr,22124
145,move-wide/from16,142488
146,or-long,4786
147,and-long,8263
148,and-long/2addr,54256
149,double-to-int,39344
150,ushr-long/2addr,10785
151,xor-long/2addr,17504
152,shl-long/2addr,23177
153,shl-long,5977
154,xor-long,2343
155,add-long,31594
156,int-to-double,52907
157,sget-wide,25397
158,sub-double/2addr,13129
159,add-double/2addr,29058
160,sput-wide,17437
161,rem-int/lit8,33227
162,cmpl-double,33038
163,const-wide/32,76467
164,div-long/2addr,21675
165,div-double/2addr,26425
166,aget-short,10174
167,aget-byte,199986
168,mul-long,11222
169,ushr-long,13707
170,add-int/lit16,32108
171,div-double,16239
172,mul-long/2addr,32439
173,cmpg-double,32046
174,long-to-double,16539
175,rem-int/lit16,5033
176,int-to-char,40035
177,div-long,11789
178,aput-char,53132
179,rem-long,5770
180,neg-long,4190
181,int-to-short,15751
182,iput-short,9134
183,iget-short,14495
184,aput-byte,208967
185,mul-double,23755
186,ushr-int,1901
187,filled-new-array,1915
188,double-to-long,6533
189,rem-float,2671
190,sub-double,17493
191,rem-double/2addr,1229
192,rem-float/2addr,2593
193,float-to-long,2762
194,rem-long/2addr,6972
195,neg-double,3133
196,add-double,13992
197,shr-long,9103
198,iput-byte,21323
199,sget-char,8101
200,rem-double,222
201,const-string/jumbo,2148938
202,shr-int/2addr,1525
203,aput-short,4389
204,iget-byte,38984
205,shr-long/2addr,5533
206,ushr-int/2addr,1318
207,shr-int,1554
208,sput-byte,1903
209,sget-byte,2383
210,sget-short,969
211,sput-short,592
212,sput-char,2054
213,xor-int/lit16,1209
214,filled-new-array/range,86
215,move-object/16,3238
216,move/16,297
217,move-wide/16,418
218,AG:invalid_instruction,1754
219,not-long,53
220,goto/32,160
221,unresolved,97
222,not-int,61
223,sget/jumbo,1
224,invoke-interface/jumbo,1
225,invoke-direct/jumbo,1
226,invoke-super/jumbo,1
227,sput/jumbo,1
228,iput-wide/jumbo,1
229,sput-short/jumbo,1
